[
  {
    "attributes": [],
    "class": "Part",
    "customProperties": [],
    "properties": {
      "angleVelocity": "x:0 y:0 z:0",
      "bakeTextureWeight": "1",
      "batchType": "Dynamic",
      "bloom": "false",
      "booleanOperation": "0",
      "btsKey": "570b1822-61ab-4872-b402-c9c08f04d076",
      "cameraCollideEnable": "true",
      "canAcceptShadow": "true",
      "canGenerateShadow": "true",
      "collisionFidelity": "0",
      "collisionGroup": "1",
      "collisionUniqueKey": "",
      "customThreshold": "1",
      "density": "5.5",
      "discardAlpha": "0.0",
      "friction": "0.56",
      "id": "8770736280610537473",
      "isLockedInEditor": "false",
      "isVisibleInEditor": "true",
      "lineVelocity": "x:0 y:0 z:0",
      "massCenter": "x:15.090433120728 y:1.4999003410339 z:29.655529022217",
      "materialAlpha": "1.0",
      "materialColor": "r:1.0 g:1.0 b:1.0 a:1.0",
      "materialOffset": "x:1 y:1 z:1.0",
      "materialTexture": "part_huawenban.tga",
      "name": "Balok",
      "needSync": "true",
      "partNavMeshType": "1",
      "position": "x:15.090433120728 y:1.4999003410339 z:29.655529022217",
      "restitution": "0.07",
      "rotation": "x:0 y:0 z:0",
      "scale": "x:1 y:1 z:1",
      "selectable": "true",
      "shape": "1",
      "staticBatchNo": "",
      "staticObject": "false",
      "useAnchor": "false",
      "useCollide": "true",
      "useForCollision": "false",
      "useGravity": "true",
      "useTextureAlpha": "false"
    }
  },
  {
    "attributes": [],
    "children": [
      {
        "attributes": [],
        "class": "Part",
        "customProperties": [],
        "properties": {
          "angleVelocity": "x:0 y:0 z:0",
          "bakeTextureWeight": "1",
          "batchType": "Dynamic",
          "bloom": "false",
          "booleanOperation": "0",
          "btsKey": "d74fd751-6a1f-460a-8580-7ab9fe2b3d8e",
          "cameraCollideEnable": "true",
          "canAcceptShadow": "true",
          "canGenerateShadow": "true",
          "collisionFidelity": "0",
          "collisionGroup": "1",
          "collisionUniqueKey": "",
          "customThreshold": "1",
          "density": "2.2",
          "discardAlpha": "0.0",
          "friction": "0.37",
          "id": "8770743249267048449",
          "isLockedInEditor": "false",
          "isVisibleInEditor": "true",
          "lineVelocity": "x:0 y:0 z:0",
          "massCenter": "x:6.7540001869202 y:2.0654091835022 z:34.17200088501",
          "materialAlpha": "1.0",
          "materialColor": "r:1.0 g:1.0 b:1.0 a:1.0",
          "materialOffset": "x:1 y:1 z:1.0",
          "materialTexture": "part_suliao.tga",
          "name": "Part",
          "needSync": "true",
          "partNavMeshType": "1",
          "position": "x:6.7540001869202 y:2.0654091835022 z:34.17200088501",
          "restitution": "0.3",
          "rotation": "x:0 y:0 z:0",
          "scale": "x:1.58099 y:0.127985 z:1.58098",
          "selectable": "true",
          "shape": "3",
          "staticBatchNo": "",
          "staticObject": "false",
          "useAnchor": "false",
          "useCollide": "true",
          "useForCollision": "false",
          "useGravity": "true",
          "useTextureAlpha": "false"
        }
      },
      {
        "attributes": [],
        "class": "Part",
        "customProperties": [],
        "properties": {
          "angleVelocity": "x:0 y:0 z:0",
          "bakeTextureWeight": "1",
          "batchType": "Dynamic",
          "bloom": "false",
          "booleanOperation": "0",
          "btsKey": "c98db731-bfd5-46e3-853a-dac9c9a1f6b5",
          "cameraCollideEnable": "true",
          "canAcceptShadow": "true",
          "canGenerateShadow": "true",
          "collisionFidelity": "0",
          "collisionGroup": "1",
          "collisionUniqueKey": "",
          "customThreshold": "1",
          "density": "2.2",
          "discardAlpha": "0.0",
          "friction": "0.37",
          "id": "8770743249270210561",
          "isLockedInEditor": "false",
          "isVisibleInEditor": "true",
          "lineVelocity": "x:0 y:0 z:0",
          "massCenter": "x:6.7540001869202 y:1.4998965263367 z:34.17200088501",
          "materialAlpha": "1.0",
          "materialColor": "r:1.0 g:1.0 b:1.0 a:1.0",
          "materialOffset": "x:1 y:1 z:1.0",
          "materialTexture": "part_suliao.tga",
          "name": "Part",
          "needSync": "true",
          "partNavMeshType": "1",
          "position": "x:6.7540001869202 y:1.4998965263367 z:34.17200088501",
          "restitution": "0.3",
          "rotation": "x:0 y:0 z:0",
          "scale": "x:1 y:1 z:1",
          "selectable": "true",
          "shape": "3",
          "staticBatchNo": "",
          "staticObject": "false",
          "useAnchor": "false",
          "useCollide": "true",
          "useForCollision": "false",
          "useGravity": "true",
          "useTextureAlpha": "false"
        }
      }
    ],
    "class": "Model",
    "customProperties": [],
    "properties": {
      "bakeTextureWeight": "1",
      "batchType": "Dynamic",
      "canAcceptShadow": "true",
      "canGenerateShadow": "true",
      "id": "8770743249266196481",
      "isVisibleInEditor": "true",
      "name": "Meja",
      "needSync": "true",
      "position": "x:6.7540001869202 y:1.5646518468857 z:34.17200088501",
      "rotation": "x:0 y:0 z:0",
      "selectable": "true",
      "useAnchor": "false",
      "useForCollision": "false"
    }
  },
  {
    "attributes": [],
    "class": "PartOperation",
    "customProperties": [],
    "properties": {
      "angleVelocity": "x:0 y:0 z:0",
      "bakeTextureWeight": "1",
      "batchType": "Dynamic",
      "bloom": "false",
      "booleanOperation": "0",
      "btsKey": "32385601-2679-436b-9a11-b4b25c148675",
      "cameraCollideEnable": "true",
      "canAcceptShadow": "true",
      "canGenerateShadow": "true",
      "collisionFidelity": "0",
      "collisionGroup": "1",
      "collisionUniqueKey": "8771028132217225217",
      "customThreshold": "1",
      "density": "2.2",
      "discardAlpha": "0.0",
      "friction": "0.37",
      "id": "8771028132217225217",
      "isLockedInEditor": "false",
      "isVisibleInEditor": "true",
      "lineVelocity": "x:0 y:0 z:0",
      "massCenter": "x:12.947833061218 y:1.5646522045135 z:28.583177566528",
      "materialAlpha": "1.0",
      "materialColor": "r:1.0 g:1.0 b:1.0 a:1.0",
      "materialOffset": "x:1 y:1 z:1.0",
      "materialTexture": "part_suliao.tga",
      "mergeShapesDataKey": "8771028132217405441",
      "name": "Meja",
      "needSync": "true",
      "partNavMeshType": "1",
      "position": "x:12.947833061218 y:1.5646522045135 z:28.583177566528",
      "restitution": "0.3",
      "rotation": "x:0 y:0 z:0",
      "scale": "x:1.58099 y:0.127985 z:1.58098",
      "selectable": "true",
      "staticBatchNo": "",
      "staticObject": "false",
      "useAnchor": "false",
      "useCollide": "true",
      "useForCollision": "false",
      "useGravity": "true",
      "useOriginalColor": "true",
      "useTextureAlpha": "false"
    }
  },
  {
    "attributes": [],
    "class": "Part",
    "customProperties": [],
    "properties": {
      "angleVelocity": "x:0 y:0 z:0",
      "bakeTextureWeight": "1",
      "batchType": "Dynamic",
      "bloom": "false",
      "booleanOperation": "0",
      "btsKey": "521b1795-fc9d-4cd3-a39b-5910ac1cd723",
      "cameraCollideEnable": "true",
      "canAcceptShadow": "true",
      "canGenerateShadow": "true",
      "collisionFidelity": "0",
      "collisionGroup": "1",
      "collisionUniqueKey": "",
      "customThreshold": "1",
      "density": "2.2",
      "discardAlpha": "0.0",
      "friction": "0.15",
      "id": "8781194559353913345",
      "isLockedInEditor": "false",
      "isVisibleInEditor": "true",
      "lineVelocity": "x:0 y:0 z:0",
      "massCenter": "x:-0.5 y:2.49989986419678 z:15",
      "materialAlpha": "1.0",
      "materialColor": "r:0.0 g:0.0 b:0.0 a:1.0",
      "materialOffset": "x:1 y:1 z:1.0",
      "materialTexture": "part_boli.tga",
      "name": "Lawang Sekunder",
      "needSync": "true",
      "partNavMeshType": "1",
      "position": "x:-0.5 y:2.49989986419678 z:15",
      "restitution": "0.18",
      "rotation": "x:0 y:0 z:0",
      "scale": "x:1.99999 y:2.99998 z:0.999989",
      "selectable": "true",
      "shape": "1",
      "staticBatchNo": "",
      "staticObject": "false",
      "useAnchor": "true",
      "useCollide": "true",
      "useForCollision": "false",
      "useGravity": "true",
      "useTextureAlpha": "false"
    }
  },
  {
    "attributes": [],
    "class": "Part",
    "customProperties": [],
    "properties": {
      "angleVelocity": "x:0 y:0 z:0",
      "bakeTextureWeight": "1",
      "batchType": "Dynamic",
      "bloom": "false",
      "booleanOperation": "0",
      "btsKey": "51ad4907-99b1-4951-8fe2-c459a91a65cc",
      "cameraCollideEnable": "true",
      "canAcceptShadow": "true",
      "canGenerateShadow": "true",
      "collisionFidelity": "0",
      "collisionGroup": "1",
      "collisionUniqueKey": "",
      "customThreshold": "1",
      "density": "2.2",
      "discardAlpha": "0.0",
      "friction": "0.15",
      "id": "8781178214537150465",
      "isLockedInEditor": "false",
      "isVisibleInEditor": "true",
      "lineVelocity": "x:0 y:0 z:0",
      "massCenter": "x:5 y:2.4998998641968 z:16.5",
      "materialAlpha": "1.0",
      "materialColor": "r:1.0 g:1.0 b:1.0 a:1.0",
      "materialOffset": "x:1 y:1 z:1.0",
      "materialTexture": "part_boli.tga",
      "name": "Lawang Utama",
      "needSync": "true",
      "partNavMeshType": "1",
      "position": "x:5 y:2.4998998641968 z:16.5",
      "restitution": "0.18",
      "rotation": "x:0 y:0 z:0",
      "scale": "x:1 y:3 z:2",
      "selectable": "true",
      "shape": "1",
      "staticBatchNo": "",
      "staticObject": "false",
      "useAnchor": "true",
      "useCollide": "true",
      "useForCollision": "false",
      "useGravity": "true",
      "useTextureAlpha": "false"
    }
  },
  {
    "attributes": [],
    "class": "Part",
    "customProperties": [],
    "properties": {
      "angleVelocity": "x:0 y:0 z:0",
      "bakeTextureWeight": "1",
      "batchType": "Dynamic",
      "bloom": "false",
      "booleanOperation": "0",
      "btsKey": "4b63fa06-5d3e-4b7d-8fbe-f5f1bf554eff",
      "cameraCollideEnable": "true",
      "canAcceptShadow": "true",
      "canGenerateShadow": "true",
      "collisionFidelity": "0",
      "collisionGroup": "1",
      "collisionUniqueKey": "",
      "customThreshold": "1",
      "density": "2.5",
      "discardAlpha": "0.0",
      "friction": "0.28",
      "id": "8792024924668248065",
      "isLockedInEditor": "false",
      "isVisibleInEditor": "true",
      "lineVelocity": "x:0 y:0 z:0",
      "massCenter": "x:-46.9715194702148 y:5.00228309631348 z:4.5",
      "materialAlpha": "1.0",
      "materialColor": "r:1.0 g:1.0 b:1.0 a:1.0",
      "materialOffset": "x:1 y:1 z:1.0",
      "materialTexture": "part_muban.tga",
      "name": "Atas",
      "needSync": "true",
      "partNavMeshType": "1",
      "position": "x:-46.9715194702148 y:5.00228309631348 z:4.5",
      "restitution": "0.2",
      "rotation": "x:0 y:0 z:0",
      "scale": "x:1 y:2 z:2",
      "selectable": "true",
      "shape": "1",
      "staticBatchNo": "",
      "staticObject": "false",
      "useAnchor": "true",
      "useCollide": "true",
      "useForCollision": "false",
      "useGravity": "true",
      "useTextureAlpha": "false"
    }
  },
  {
    "attributes": [],
    "class": "Part",
    "customProperties": [],
    "properties": {
      "angleVelocity": "x:0 y:0 z:0",
      "bakeTextureWeight": "1",
      "batchType": "Dynamic",
      "bloom": "false",
      "booleanOperation": "0",
      "btsKey": "af7e1267-9c48-4459-afff-2afb3c4f7586",
      "cameraCollideEnable": "true",
      "canAcceptShadow": "true",
      "canGenerateShadow": "true",
      "collisionFidelity": "0",
      "collisionGroup": "1",
      "collisionUniqueKey": "",
      "customThreshold": "1",
      "density": "2.5",
      "discardAlpha": "0.0",
      "friction": "0.28",
      "id": "8792151012203544577",
      "isLockedInEditor": "false",
      "isVisibleInEditor": "true",
      "lineVelocity": "x:0 y:0 z:0",
      "massCenter": "x:1 y:3.49989986419678 z:5",
      "materialAlpha": "1.0",
      "materialColor": "r:1.0 g:1.0 b:1.0 a:1.0",
      "materialOffset": "x:1 y:1 z:1.0",
      "materialTexture": "part_muban.tga",
      "name": "Tembok",
      "needSync": "true",
      "partNavMeshType": "1",
      "position": "x:1 y:3.49989986419678 z:5",
      "restitution": "0.2",
      "rotation": "x:0 y:0 z:0",
      "scale": "x:6.9999 y:4.99991 z:0.999977",
      "selectable": "true",
      "shape": "1",
      "staticBatchNo": "",
      "staticObject": "false",
      "useAnchor": "true",
      "useCollide": "true",
      "useForCollision": "false",
      "useGravity": "true",
      "useTextureAlpha": "false"
    }
  }
]