{"viewport_width":1182,"camera_move_speed":0.3,"map_pos":{"map001":{"x":30,"z":30,"y":68},"713abf64-d7a6-451d-99bb-cc542da2b849":{"x":30,"z":30,"y":68}},"viewport_height":664,"part_place_settings":[{"texture":"part_suliao.tga","__OBJ_TYPE":"PART_PLACE_SETTING","color":{"__OBJ_TYPE":"Color","b":255,"a":255,"r":255,"g":255},"key":"cube"},{"texture":"part_suliao.tga","__OBJ_TYPE":"PART_PLACE_SETTING","color":{"__OBJ_TYPE":"Color","b":255,"a":255,"r":255,"g":255},"key":"sphere"},{"texture":"part_suliao.tga","__OBJ_TYPE":"PART_PLACE_SETTING","color":{"__OBJ_TYPE":"Color","b":255,"a":255,"r":255,"g":255},"key":"cylinder"},{"texture":"part_suliao.tga","__OBJ_TYPE":"PART_PLACE_SETTING","color":{"__OBJ_TYPE":"Color","b":255,"a":255,"r":255,"g":255},"key":"cone"}]}