{
  "canAbandon": false,
  "candrop": false,
  "canEquipPlural": true,
  "canUse": false,
  "dropSpeed": 0.2,
  "equip_skill": [],
  "equip_skin": {
    "": ""
  },
  "icon": "@asset/Mesh/Gold Chain Key/g2030_baoxiangKey_1.tga",
  "itemname": "item_329a5095-4655-4e8d-ab00-9526a3a4ea6f",
  "mesh": "asset/Mesh/Gold Chain Key/g2030_baoxiangKey_1.mesh",
  "needSave": false,
  "stack_count_max": 1,
  "syncGameData": {
    "currentCapacity": true,
    "extCapacity": true
  },
  "trap": false,
  "tray": []
}